producto,precio
Bondiola Paladini Feteada 120 gr.,"$ 281,12   por 1 unidad/es"
Crema de Leche La Serenisima 330 Ml.,"$ 154,61   por 1 unidad/es"
Crema de Leche La Serenisima para batir 200 Ml.,"$ 103,19   por 1 unidad/es"
Crema de Leche Liviana La Serenisima 200 Ml,"$ 93,14   por 1 unidad/es"
Jamón Cocido Paladini Feteado 200 Gr,"$ 236,79   por 1 unidad/es"
La Salteña Ravioles Cuatro Quesos 500 Gr,"$ 150,21   por 1 unidad/es"
Leche Chocolatada Milkaut 1 L,"$ 142,04   por 1 unidad/es"
Leche Condensada Nestlé 395 Gr.,"$ 175,52   por 1 unidad/es"
Leche La Serenisima Descremada 0% tenor graso 1 Lt.,"$ 83,95   por 1 unidad/es"
Leche La Serenisima Descremada 1% tenor graso 1 lt.,"$ 83,95   por 1 unidad/es"
Leche La Serenisima Descremada Protein 1 Lt.,"$ 97,18   por 1 unidad/es"
Leche La Serenisima Entera 3% tenor graso 1 Lt.,"$ 83,95   por 1 unidad/es"
Leche La Serenisima Protein Cacao 1 Lt. Sin T.A.C.C.,"$ 147,35   por 1 unidad/es"
Leche La Serenisima parcialmente descremada 2 % tenor graso 1 Lt.,"$ 83,95   por 1 unidad/es"
Leche Larga Vida Descremada MILKAUT 1 LT,"$ 87,93   por 1 unidad/es"
Leche Larga Vida Entera La Serenisima 3 % tenor graso 1 Lt.,"$ 95,42   por 1 unidad/es"
Leche Larga vida Descremada La Serenisima 1 % tenor graso 1 Lt.,"$ 95,42   por 1 unidad/es"
Leche P/Desc. Ultra Reducida La Serenisima 1 lt,"$ 97,18   por 1 unidad/es"
Leche Zero Lactosa La Serenisima 1 lt,"$ 107,74   por 1 unidad/es"
Leche de Coco Silk 946 ml,"$ 290,10   por 1 unidad/es"
Leche de almendra sabor vainilla Silk sin azúcar 946 ml,"$ 290,07   por 1 unidad/es"
Leche en Polvo Descremada La Serenisima x 400 grs.,"$ 249,87   por 1 unidad/es"
Leche en Polvo Entera La Serenisima Zero Lactosa 400 gr,"$ 315,31   por 1 unidad/es"
Leche en Polvo Entera La Serenisima x 400 grs.,"$ 249,87   por 1 unidad/es"
Leche en Polvo La Lechera 800 Gr.,"$ 498,17   por 1 unidad/es"
Manteca La Serenisima 200 gr.,"$ 154,96   por 1 unidad/es"
Mortadela Mini Paladini 300 Gr.,"$ 194,96   por 1 unidad/es"
Mortadela mini con Queso Paladini 300 gr,"$ 204,61   por 1 unidad/es"
Paleta de cerdo Cocida Paladini 200 gr.,"$ 215,75   por 1 unidad/es"
Panceta Salada Paladini 250 Gr.,"$ 345,00   por 1 unidad/es"
Pate de Foie Paladini 90 gr.,"$ 67,75   por 1 unidad/es"
Picadillo de carne Paladini 90 Gr,"$ 54,54   por 1 unidad/es"
Postre Danette Chocolate 95 gr,"$ 55,53   por 1 unidad/es"
Postre Danette Crema Americana 95 gr,"$ 55,53   por 1 unidad/es"
Postre Flan Ser tentación 95 gr.,"$ 62,72   por 1 unidad/es"
Postre Serenito sabor vainilla 120 gr,"$ 96,49   por 1 unidad/es"
Queso Adler Feteado Danbo 144 Gr,"$ 178,35   por 1 unidad/es"
Queso Adler Gruyere Cja 100 Gr,"$ 119,28   por 1 unidad/es"
Queso Cheddar Finlandia La Serenisima 150 Gr,"$ 179,59   por 1 unidad/es"
Queso Crema MILKAUT Crematto Light 290 Gr,"$ 140,66   por 1 unidad/es"
Queso Cremon Light La Serenisima 500 gr Aprox,"$ 310,22   por 1 unidad/es"
Queso Cremon doble crema sin lactosa La Serenisima 500 Gr aprox.,"$ 308,74   por 1 unidad/es"
Queso Danbo Fetas Finlandia 150 Gr,"$ 179,59   por 1 unidad/es"
Queso Danbo Light Finlandia La Serenisima 150 Gr.,"$ 179,58   por 1 unidad/es"
Queso Mozzarella La Serenisima 220 gr,"$ 183,39   por 1 unidad/es"
Queso Pategras La Serenisima 315 Gr Aprox,"$ 325,93   por 1 unidad/es"
Queso Port Salut La Serenisima 510 Gr Aprox,"$ 317,49   por 1 unidad/es"
Queso Port Salut Light La Serenisima 500gr Aprox,"$ 319,77   por 1 unidad/es"
Queso Rallado Milkaut 150 Gr. Sin T.A.C.C.,"$ 221,85   por 1 unidad/es"
Queso Reggianito La Serenisima 280 Gr aprox.,"$ 367,58   por 1 unidad/es"
Queso Sardo La Serenisima 255 Gr Aprox,"$ 347,80   por 1 unidad/es"
Queso Untable ADLER Pic-A-Dip Oliva Y Jamón 190 Gr,"$ 133,20   por 1 unidad/es"
Queso Untable Adler Pic a Dip Cheddar y Bacon 190 Gr.,"$ 133,27   por 1 unidad/es"
Queso rallado La Serenisima por 80 gr.,"$ 126,06   por 1 unidad/es"
Queso rallado La Serenisima por 150 gr.,"$ 228,04   por 1 unidad/es"
Queso rallado Light La Serenisima 80 Gr.,"$ 141,12   por 1 unidad/es"
Queso untable Casancrem clásico 290 gr.,"$ 171,66   por 1 unidad/es"
Queso untable Casancrem light 290 gr.,"$ 171,66   por 1 unidad/es"
Queso untable Finlandia Jamón y Parmesano 200 Gr,"$ 104,43   por 1 unidad/es"
Queso untable Finlandia clásico 300 gr.,"$ 159,56   por 1 unidad/es"
Queso untable Finlandia light 300 gr.,"$ 159,56   por 1 unidad/es"
Ricotta Magra Baja En Sodio García 500 Gr.,"$ 148,12   por 1 unidad/es"
Salame tipo Milan Paladini 120 Gr,"$ 217,96   por 1 unidad/es"
Salamin Paladini Picado Grueso,"$ 264,45   por 1 unidad/es"
Salamin Picado Fino Paladini,"$ 264,45   por 1 unidad/es"
Salchicha Paladini por 6 unidades,"$ 133,61   por 1 unidad/es"
"Tapa para Tarta para Horno, Doña Nilda 2 u.","$ 64,72   por 1 unidad/es"
Yogur Bebible Descremado Ser Multifruta 185 Gr.,"$ 104,76   por 1 unidad/es"
Yogur Bebible La Serenisima Clasico Light Frutilla 1 Lt.,"$ 112,14   por 1 unidad/es"
Yogur Bebible Parcialmente Descremado Clásico La Serenisima sabor Vainilla 900 Gr.,"$ 115,10   por 1 unidad/es"
Yogur Bebible Parcialmente Descremado Reducido en Lactosa Frutilla 1 Kg. Sin T.A.C.C.,"$ 126,24   por 1 unidad/es"
Yogur Bebible Parcialmente Descremado Reducido en Lactosa Vainilla 1 Kg. Sin T.A.C.C.,"$ 126,24   por 1 unidad/es"
Yogur Bebible Parcialmente Descremado Yogurisimo Ready Frutilla 185 Gr.,"$ 101,22   por 1 unidad/es"
Yogur Bebible Parcialmente Descremado Yogurisimo Ready Vainilla 185 Gr.,"$ 101,22   por 1 unidad/es"
Yogur Descremado MILKAUT Frutilla Bebible 1 Kg,"$ 108,17   por 1 unidad/es"
Yogur Descremado MILKAUT Vainilla Bebible 1 Kg,"$ 108,17   por 1 unidad/es"
"Yogur Descremado Ser Con Colchón de Frutilla, Arándanos y Granada 175 Gr.","$ 80,44   por 1 unidad/es"
Yogur Entero MILKAUT Frutilla Bebible 1 Kg,"$ 122,99   por 1 unidad/es"
Yogur Entero MILKAUT Vainilla Bebible 1 Kg,"$ 122,99   por 1 unidad/es"
Yogur Firme Parcialmente Descremado Clásico La Serenisima sabor Frutilla 190 Gr.,"$ 58,71   por 1 unidad/es"
Yogur Firme Parcialmente Descremado Clásico La Serenisima sabor Vainilla 190 Gr.,"$ 58,71   por 1 unidad/es"
Yogur Ser Crunch con cereales 166 gr,"$ 103,32   por 1 unidad/es"
Yogur Yogurisimo Entero firme sabor frutilla 190 Gr.,"$ 80,38   por 1 unidad/es"
Yogur Yogurisimo Entero firme sabor vainilla 190 Gr.,"$ 80,38   por 1 unidad/es"
Yogur Yogurísimo Entero Bebible sabor frutilla 1 Lt.,"$ 194,03   por 1 unidad/es"
Yogur Yogurísimo Entero Bebible sabor vainilla 1 Lt.,"$ 186,25   por 1 unidad/es"
Yogur descremado Ser con colchón de Durazno y Manzana 175 Gr.,"$ 80,44   por 1 unidad/es"
Yogurisimo Descremado con cereales 166 gr,"$ 133,56   por 1 unidad/es"
